<?xml version="1.0" encoding="UTF-8"?>
<project-private xmlns="http://www.netbeans.org/ns/project-private/1">
    <editor-bookmarks xmlns="http://www.netbeans.org/ns/editor-bookmarks/2" lastBookmarkId="0"/>
    <open-files xmlns="http://www.netbeans.org/ns/projectui-open-files/2">
        <group>
            <file>file:/C:/Users/Usuario/Documents/Mintic2022/CicloII/Semana_1/Ejercicios_1/Ciclo_02/src/ciclo_02/leerdatos_08.java</file>
            <file>file:/C:/Users/Usuario/Documents/Mintic2022/CicloII/Semana_1/Ejercicios_1/Ciclo_02/src/ciclo_02/arreglos_04.java</file>
        </group>
    </open-files>
</project-private>
